{"success_rate":100.0,"iterations":15,"vus":2,"tps":1.1658461953946686,"median_time":0.900367375,"p95_time":5.780789125,"p99_time":5.780789125,"error_rate":0.0,"errors":0,"p90_time":2.959136208,"std_time":1.5039213841402637,"mean_time":1.2795243971999999,"all_times":[5.780789125,0.900367375,0.324176875,1.764315958,0.146059709,1.066745125,2.050738709,0.324932083,1.625065625,1.222245667,0.146095292,0.144808708,0.144212791,0.593176708,2.959136208],"max_time":5.780789125,"min_time":0.144212791,"rps":1.1658461953946686}