{"success_rate":100.0,"iterations":20,"vus":2,"tps":2.4815394889984774,"median_time":0.179957896,"p95_time":1.50496525,"p99_time":4.911083292,"error_rate":0.0,"errors":0,"p90_time":1.195147875,"std_time":1.0761258081666814,"mean_time":0.6085428021499999,"all_times":[4.911083292,0.172388959,0.175675083,0.171129125,0.1704415,0.4170255,0.167570041,0.17593975,1.195147875,0.33855725,1.50496525,0.172773042,0.183976042,0.170094875,0.36845525,0.630870625,0.168413667,0.170359417,0.588411333,0.317578167],"max_time":4.911083292,"min_time":0.167570041,"rps":2.4815394889984774}