{"success_rate":100.0,"iterations":18,"vus":2,"tps":1.7105324635381,"median_time":0.404791604,"p95_time":5.050604,"p99_time":5.050604,"error_rate":0.0,"errors":0,"p90_time":1.910815125,"std_time":1.2029428393043584,"mean_time":0.9403384582777777,"all_times":[5.050604,0.309981208,1.910815125,0.745549375,0.514145167,1.827968292,1.737707375,0.180170791,0.207117916,0.191953834,0.250632708,0.174199167,0.236786291,0.1813135,0.499602,1.414718459,0.288332708,1.204494333],"max_time":5.050604,"min_time":0.174199167,"rps":1.7105324635381}