{"success_rate":100.0,"iterations":38,"vus":2,"tps":3.747265042983614,"median_time":0.1781488335,"p95_time":1.571343958,"p99_time":5.438558542,"error_rate":0.0,"errors":0,"p90_time":0.621924584,"std_time":0.8773067770852205,"mean_time":0.4250532391578947,"all_times":[5.438558542,0.545723417,0.18070725,0.161795625,0.492079083,0.160433041,0.163638042,0.180960959,0.179750667,0.549744875,0.174664708,0.176547,0.182952958,0.621924584,0.180474125,0.182600875,0.175500417,0.182722,1.571343958,0.160581625,0.168556667,0.520195125,0.797576084,0.180256834,0.165832125,0.164022667,0.169353584,0.168681792,0.479094625,0.166818833,0.21489725,0.164391084,0.160979041,0.308121792,0.16143575,0.162902917,0.168005875,0.168197292],"max_time":5.438558542,"min_time":0.160433041,"rps":3.747265042983614}