{"success_rate":100.0,"iterations":36,"vus":2,"tps":3.55952567802866,"median_time":0.1723724375,"p95_time":1.655795417,"p99_time":5.01932175,"error_rate":0.0,"errors":0,"p90_time":0.88432475,"std_time":0.8410270195729762,"mean_time":0.45820984722222213,"all_times":[5.01932175,0.962660042,0.88432475,0.165052708,0.166407375,0.514768875,0.169644791,0.309192542,0.213746541,0.167519416,0.549769542,0.206399625,0.165018959,0.170180208,0.171622833,0.172209542,1.655795417,0.3528125,0.164263166,0.172535333,0.168830167,0.165898125,0.608182125,0.170533042,0.22406975,0.170005459,0.172998416,0.235341875,0.165345542,0.165421958,0.171981083,0.171834625,0.170754209,0.693451834,0.21786675,0.469793625],"max_time":5.01932175,"min_time":0.164263166,"rps":3.55952567802866}