{"success_rate":100.0,"iterations":37,"tps":3.6783320376901565,"median_time":0.176496875,"p95_time":1.482586459,"p99_time":5.23068375,"error_rate":0.0,"errors":0,"p90_time":0.811953375,"std_time":0.8606379074707148,"mean_time":0.4337811171891892,"all_times":[5.23068375,0.672006042,0.173194167,0.538447125,0.166891292,0.179389209,0.170119334,0.177914875,0.174185208,0.180203625,0.184780667,0.182871667,0.177201334,0.168841708,0.166645666,1.01929775,0.170368917,0.170505,1.482586459,0.1642925,0.179464208,0.176496875,0.17262175,0.172633625,0.179433125,0.174499291,0.17106625,0.172646333,0.166426875,0.169787333,0.746604334,0.811953375,0.311561791,0.170672167,0.343080459,0.171910166,0.208617084],"max_time":5.23068375,"min_time":0.1642925,"rps":3.6783320376901565}