{"success_rate":100.0,"iterations":10,"vus":2,"tps":0.8230425638951353,"median_time":1.541551146,"p95_time":5.0708825,"p99_time":5.0708825,"error_rate":0.0,"errors":0,"p90_time":3.34899825,"std_time":1.569917438460216,"mean_time":1.8445408001000003,"all_times":[5.0708825,3.34899825,1.612194917,1.470907375,0.8003125,1.6364005,0.332176709,0.48726075,0.419705833,3.266568667],"max_time":5.0708825,"min_time":0.332176709,"rps":0.8230425638951353}